- SQL语句的关键词大小写均可
- 字符串需要用''包围, 数字则不用

# 创建

## database
- 创建数据库  
`CREATE DATABASE 数据库名称;`
- 查看数据库  
`SHOW DATABASES;`
- 使用指定数据库  
`USE 数据库名称;`

## table
- 创建表
```
CREATE TABLE 表名称 (
字段/列名 数据类型  一个或多个用空格分开的其他参数,
字段/列名 数据类型  一个或多个用空格分开的其他参数,
PRIMARY KEY (被设为主键的字段名)
);
```
- 创建表的其他参数
    1. NOT NULL 数据不能为NULL类型
    2. AUTO_INCREMENT 自动增加(整数)
- 常见数据类型
    0. 附加UNSIGNED 无符号,从0开始
    1. INT 整数
    2. BOOL True/False或1/0,实际是整数的一种
    3. FLOAT 浮点数
    4. DATE YYYY-MM-DD
    5. TIME HH:MM:SS
    6. YEAR YYYY
    7. DATE TIME YYYY-MM-DD HH:MM:SS
    8. TIMESTAMP YYYYMMDD HHMMSS
    9. CHAR() 定长字符串
    10. VARCHAR() 变长字符串
    11. BINARY 二进制字符
    12. TEXT 长文本数据
- 查看表  
`SHOW TABLES;`
- 表信息  
`DESCRIBE 表名称;`
- 表详细信息  
`SHOW CREATE TABLE 表名称\G`

# 插入
- 插入新数据  
```
INSERT INTO 表名称 ( 字段1, 字段2, 字段3) VALUES     #(括号内容)可省略
          ( 值1, 值2, 值3 ),
          ( 值1, 值2, 值3 );
```
- 加入新字段/列  
`ALTER TABLE 表名称 ADD 字段 数据类型 AFTER/BEFORE 字段;`    

# 更新
- 更新一行  
`UPDATE 表名称 SET 字段1=值1 where 字段2 = 值2;`
- 更改列名和数据类型  
`ALERT TABLE 表名称 CHANGE COLUMN 字段/旧列名 字段/新列名 新数据类型`
- 更改列类型(位置，数据类型等)   
`ALERT TABLE 表名称 MODIFY COLUMN 字段/列名 新数据类型`

# 简单检索
- 检索整个表  
`SELECT * FROM 表名称;`
- 选择行  
```
SELECT * FROM 表名称 WHERE 字段/列名 = 值';
ELECT * FROM 表名称 WHERE 字段/列名 is not null;
```
- 选择列  
`SELECT 字段/列名 FROM 表名称;`
- 选择行列
`SELECT 字段/列名 FROM 表名称 WHERE 字段/列名 = 值;`
- 选择不重复项
`SELECT DISTINCT 字段/列名 FROM 表名称;`
- 排序  
`select name from 表名称 order by 字段/列名;`
- 逆序排序
`select name from 表名称 order by 字段/列名 DESC;`
- 计数  
`SELECT 字段/列名, COUNT(*) FROM 表名称 GROUP BY 字段/列名;`

# 删除
- 删除一行  
`DELETE FROM 表名称 WHERE 字段=值;`
- 删除一列  
`ALTER TABLE 表名称 DROP 字段;`
- 清空table  
`DELETE FROM 表名称；`
- 删除table  
`DROP TABLE  表名称;`

# 示例代码
```
mysql> create database sqltest;
Query OK, 1 row affected (0.08 sec)

mysql> show databases;
+-------------------------+
| Database                |
+-------------------------+
| information_schema      |
| mysql                   |
| performance_schema      |
| sqltest                 |
| sys                     |
+-------------------------+
11 rows in set (0.42 sec)


mysql> use sqltest;
Database changed

mysql> create table test (
    -> id INT UNSIGNED NOT NULL AUTO_INCREMENT,
    -> name VARCHAR(10) NOT NULL,
    -> PRIMARY KEY (id)
    -> );
Query OK, 0 rows affected (0.69 sec)

mysql> show tables;
+-------------------+
| Tables_in_sqltest |
+-------------------+
| test              |
+-------------------+
1 row in set (0.00 sec)

mysql> describe test;
+-------+------------------+------+-----+---------+----------------+
| Field | Type             | Null | Key | Default | Extra          |
+-------+------------------+------+-----+---------+----------------+
| id    | int(10) unsigned | NO   | PRI | NULL    | auto_increment |
| name  | varchar(10)      | NO   |     | NULL    |                |
+-------+------------------+------+-----+---------+----------------+
2 rows in set (0.08 sec)

mysql> SHOW CREATE TABLE test\G
*************************** 1. row ***************************
       Table: test
Create Table: CREATE TABLE `test` (
  `id` int(10) unsigned NOT NULL AUTO_INCREMENT,
  `name` varchar(10) NOT NULL,
  PRIMARY KEY (`id`)
) ENGINE=InnoDB DEFAULT CHARSET=utf8
1 row in set (0.00 sec)

mysql> delete from test;
Query OK, 2 rows affected (0.08 sec)

mysql> insert into test values
    -> (0, 'ann'),
    -> (1, 'bob');
Query OK, 2 rows affected (0.06 sec)
Records: 2  Duplicates: 0  Warnings: 0

mysql> alter table test add sex varchar(10) after name;
Query OK, 0 rows affected (0.86 sec)
Records: 0  Duplicates: 0  Warnings: 0

mysql> update test set name = 'bobby' where id = 2;
Query OK, 0 rows affected (0.09 sec)
Rows matched: 0  Changed: 0  Warnings: 0

mysql> alter table test change column sex gender varchar(2);
Query OK, 2 rows affected (0.81 sec)
Records: 2  Duplicates: 0  Warnings: 0

mysql> alter table test modify column gender varchar(3);
Query OK, 0 rows affected (0.13 sec)
Records: 0  Duplicates: 0  Warnings: 0

mysql> select * from test;
+----+------+--------+
| id | name | gender |
+----+------+--------+
|  1 | bob  | NULL   |
|  3 | ann  | NULL   |
+----+------+--------+
2 rows in set (0.00 sec)

mysql> select * from test where id = 3;
+----+------+--------+
| id | name | gender |
+----+------+--------+
|  3 | ann  | NULL   |
+----+------+--------+
1 row in set (0.01 sec)

mysql> select * from test where id is not null;
+----+------+--------+
| id | name | gender |
+----+------+--------+
|  1 | bob  | NULL   |
|  3 | ann  | NULL   |
+----+------+--------+
2 rows in set (0.06 sec)

mysql> select name from test;
+------+
| name |
+------+
| bob  |
| ann  |
+------+
2 rows in set (0.00 sec)

mysql> select name from test where id = 3;
+------+
| name |
+------+
| ann  |
+------+
1 row in set (0.00 sec)

mysql> select distinct name from test;
+------+
| name |
+------+
| bob  |
| ann  |
+------+
2 rows in set (0.00 sec)

mysql> select name from test order by id;
+------+
| name |
+------+
| bob  |
| ann  |
+------+
2 rows in set (0.00 sec)

mysql> select name from test order by id desc;
+------+
| name |
+------+
| ann  |
| bob  |
+------+
2 rows in set (0.00 sec)

mysql> select name,count(*) from test group by id;
+------+----------+
| name | count(*) |
+------+----------+
| bob  |        1 |
| ann  |        1 |
+------+----------+
2 rows in set (0.37 sec)

mysql> delete from test where id = 2;
Query OK, 0 rows affected (0.00 sec)

mysql> alter table test drop gender;
Query OK, 0 rows affected (0.63 sec)
Records: 0  Duplicates: 0  Warnings: 0

mysql> delete from test;
Query OK, 2 rows affected (0.08 sec)

mysql> drop table test;
Query OK, 0 rows affected (0.25 sec)
```