- 可用 表名.列名 指定特定表的特定列,用于区分不同表的同名列

# 子查询,组合查询,联结

## 子查询
- 把查询结果用于另一个查询中,可多重嵌套,但是不建议嵌套太多
- 可将计算字段放入子查询中

## 联结
- 简单联结,指定不同表的数据即可
- 使用where指定联结条件,或者inner join
```
FROM 表一,表二 WHERE 联结条件;
FROM 表一 INNER JOIN 表二 ON 联结条件;
```
- 如果没有指定联结条件,将返回笛卡尔积(行数\*行数)
- 使用表别名,同一个表能多次出现(自联结)
```
FROM 表名 AS 表别名
```
- 外联结, left join/right join
```
FROM 表一 LEFT JOIN 表二 ON 联结条件;
FROM 表一 RIGHT JOIN 表二 ON 联结条件;
```
- 示例代码(where,inner join,left join,right join)
```
mysql> select * from a;
+------+-------+
| id   | name  |
+------+-------+
|    1 | night |
|    2 | kik   |
|    3 | tes   |
|    4 | haha  |
|    5 | just  |
+------+-------+
5 rows in set (0.09 sec)

mysql> select * from b;
+------+------+
| id   | age  |
+------+------+
|    1 |   10 |
|    3 |   17 |
|    5 |   14 |
+------+------+
3 rows in set (0.07 sec)

mysql> select a.id,a.name,b.age from a,b where a.id=b.id;
+------+-------+------+
| id   | name  | age  |
+------+-------+------+
|    1 | night |   10 |
|    3 | tes   |   17 |
|    5 | just  |   14 |
+------+-------+------+
3 rows in set (0.00 sec)

mysql> select a.id,a.name,b.age from a inner join b on a.id = b.id;
+------+-------+------+
| id   | name  | age  |
+------+-------+------+
|    1 | night |   10 |
|    3 | tes   |   17 |
|    5 | just  |   14 |
+------+-------+------+
3 rows in set (0.01 sec)

mysql> select a.id,a.name,b.age from a left join b on a.id = b.id;
+------+-------+------+
| id   | name  | age  |
+------+-------+------+
|    1 | night |   10 |
|    3 | tes   |   17 |
|    5 | just  |   14 |
|    2 | kik   | NULL |
|    4 | haha  | NULL |
+------+-------+------+
5 rows in set (0.00 sec)

mysql> select a.id,a.name,b.age from a right join b on a.id = b.id;
+------+-------+------+
| id   | name  | age  |
+------+-------+------+
|    1 | night |   10 |
|    3 | tes   |   17 |
|    5 | just  |   14 |
+------+-------+------+
3 rows in set (0.00 sec)
```

## 组合查询
- 用UNION操作符来组合多条查询
- 从性能上看使用多条WHERE子句条件或UNION没有实际的差别,但建议测试一下
- UNION中的每个查询必须包含相同的列、表达式或聚集函数
- UNION去除了重复值,UNION ALL包含重复值
- 只能使用一条ORDER BY子句,位于最后一条SELECT语句之后
- 示例代码
```
SELECT语句
UNION
SELECT语句
```
