# 实战1
- 原文地址:http://blog.csdn.net/fuchunyuan0/article/details/51883889?locationNum=3&fps=1

## 初始化
```
C:\Users\Administrator>mysql -uroot -pSqq123456!

mysql> create database if not exists customdb;
Query OK, 1 row affected (0.05 sec)

mysql> use customdb;
Database changed

mysql> create table if not exists customer(
    ->      c_id char(6) primary key,
    ->      name varchar(30)not null,
    ->      location varchar(30),
    ->      salary decimal(8,2)
    -> );
Query OK, 0 rows affected (0.47 sec)

mysql> create table if not exists bank(
    ->     b_id char(5) primary key,
    ->     bank_name char(30) not null
    -> );
Query OK, 0 rows affected (0.34 sec)

mysql> create table if not exists deposite(
    ->     d_id int(10) auto_increment primary key,
    ->     c_id char(6),
    ->     b_id char(5),
    ->     dep_date date,
    ->     amount decimal(8,2),
    ->     constraint FK_c_id foreign key(c_id) references customer(c_id)
    -> );
Query OK, 0 rows affected (0.32 sec)

mysql> insert into customer
    -> values('101001','孙杨','广州',1234),
    -> ('101002','郭海','南京',3526),
    -> ('101003','卢江','苏州',6892),
    -> ('101004','郭惠','济南',3492);
Query OK, 4 rows affected (0.15 sec)
Records: 4  Duplicates: 0  Warnings: 0

mysql> insert into bank
    -> values('B0001','工商银行'),
    -> ('B0002','建设银行'),
    -> ('B0003','中国银行');
Query OK, 3 rows affected (0.07 sec)
Records: 3  Duplicates: 0  Warnings: 0

mysql> insert into bank
    -> values('B0004','农业银行');
Query OK, 1 row affected (0.04 sec)

mysql> insert into deposite
    -> values(1,'101001','B0001','2011-04-05',42526),
    -> (2,'101002','B0003','2012-07-15',66500),
    -> (3,'101003','B0002','2010-11-24',42366),
    -> (4,'101004','B0004','2008-03-31',62362),
    -> (5,'101001','B0003','2002-02-07',56346),
    -> (6,'101002','B0001','2004-09-23',353626),
    -> (7,'101003','B0004','2003-12-14',36236),
    -> (8,'101004','B0002','2007-04-21',26267),
    -> (9,'101001','B0002','2011-02-11',435456),
    -> (10,'101002','B0004','2012-05-13',234626),
    -> (11,'101003','B0003','2001-01-24',26243),
    -> (12,'101004','B0001','2009-08-23',45671);
Query OK, 12 rows affected (0.09 sec)
Records: 12  Duplicates: 0  Warnings: 0
```

## 数据预览
![数据预览](https://raw.githubusercontent.com/nightttt7/MySQL-tutorial/master/imgs/4.png)

## 题目
1. 将数据表deposite中孙杨的所有存款金额加10000
2. 将数据表deposite中所属账户为工商银行并且存入日期为2011-04-05的人员的存款金额加1000
3. 将数据表deposite中郭海的银行标识改为建设银行
4. 查询孙杨的存款信息（显示信息：客户ID，客户姓名，银行名称，存款金额）
5. 查询日期为2011-04-05这一天进行过存款的客户ID，客户姓名，银行名称，存款金额
6. 查询工商银行存款大于等于一万的客户姓名（使用表链接和子查询两种方式实现）
7.  查询在农业银行存款前五名的客户存款信息（显示信息：客户姓名，银行名称，存款金额）
8. 创建存储过程update_salary，更新customer表的salary属性，将salary低于5000的客户的salary变为原来的2倍

## 参考答案
1. 将数据表deposite中孙杨的所有存款金额加10000
```
mysql> update deposite set amount = amount + 10000
    -> where c_id = (select c_id from customer where name = '孙杨');
Query OK, 3 rows affected (0.12 sec)
Rows matched: 3  Changed: 3  Warnings: 0
```
2. 将数据表deposite中所属账户为工商银行并且存入日期为2011-04-05的人员的存款金额加1000
```
mysql> update deposite set amount = amount + 1000
    -> where dep_date = '2011-04-05' and
    -> b_id = ( select b_id from bank where bank_name = '工商银行');
Query OK, 1 row affected (0.11 sec)
Rows matched: 1  Changed: 1  Warnings: 0
```
3. 将数据表deposite中郭海的银行标识改为建设银行
```
mysql> update deposite set b_id =
    -> (select b_id from bank where bank_name = '建设银行')
    -> where c_id =
    -> (select c_id from customer where name = '郭海')
    -> ;
Query OK, 3 rows affected (0.06 sec)
Rows matched: 3  Changed: 3  Warnings: 0
```
4. 查询孙杨的存款信息（显示信息：客户ID，客户姓名，银行名称，存款金额）
```
mysql> select deposite.c_id,name,bank_name,amount from deposite,customer,bank
    -> where name = '孙杨' and deposite.c_id=customer.c_id and bank.b_id=deposite.b_id;
+--------+--------+--------------+-----------+
| c_id   | name   | bank_name    | amount    |
+--------+--------+--------------+-----------+
| 101001 | 孙杨   | 工商银行     |  42526.00 |
| 101001 | 孙杨   | 建设银行     | 435456.00 |
| 101001 | 孙杨   | 中国银行     |  56346.00 |
+--------+--------+--------------+-----------+
3 rows in set (0.01 sec)
```
或者
```
mysql> select customer.c_id,name,bank_name,amount from
    -> deposite inner join customer inner join bank
    -> on deposite.c_id = customer.c_id and deposite.b_id = bank.b_id
    -> where name = '孙杨';
+--------+--------+--------------+-----------+
| c_id   | name   | bank_name    | amount    |
+--------+--------+--------------+-----------+
| 101001 | 孙杨   | 工商银行     |  42526.00 |
| 101001 | 孙杨   | 建设银行     | 435456.00 |
| 101001 | 孙杨   | 中国银行     |  56346.00 |
+--------+--------+--------------+-----------+
3 rows in set (0.00 sec)
```
5. 查询日期为2011-04-05这一天进行过存款的客户ID，客户姓名，银行名称，存款金额
```
mysql> select deposite.c_id,name,bank_name,amount from
    -> deposite inner join customer inner join bank
    -> on deposite.c_id = customer.c_id and deposite.b_id = bank.b_id
    -> where dep_date = '2011-04-05';
+--------+--------+--------------+----------+
| c_id   | name   | bank_name    | amount   |
+--------+--------+--------------+----------+
| 101001 | 孙杨   | 工商银行     | 42526.00 |
+--------+--------+--------------+----------+
1 row in set (0.00 sec)
```
6. 查询工商银行存款大于等于十万的客户姓名(每个客户在每个银行只有一个账户)
```
mysql> select name from
    -> deposite inner join customer inner join bank
    -> on deposite.c_id = customer.c_id and deposite.b_id = bank.b_id
    -> where bank_name = '工商银行' and amount >= 10000;
+--------+
| name   |
+--------+
| 孙杨   |
| 郭惠   |
+--------+
```
7.  查询在农业银行存款前两名的客户存款信息（显示信息：客户姓名，银行名称，存款金额）
```
mysql> select name from
    -> deposite inner join customer inner join bank
    -> on deposite.c_id = customer.c_id and deposite.b_id = bank.b_id
    -> where bank_name='农业银行'
    -> order by amount limit 2
    -> ;
+--------+
| name   |
+--------+
| 卢江   |
| 郭惠   |
+--------+
2 rows in set (0.06 sec)
```
8. 创建存储过程update_salary，更新customer表的salary属性，将salary低于5000的客户的salary变为原来的2倍
```
mysql> CREATE PROCEDURE update_salary()
    -> UPDATE customer set salary = salary * 2
    -> WHERE salary < 5000;
Query OK, 0 rows affected (0.00 sec)

mysql> call update_salary();
Query OK, 3 rows affected (0.09 sec)

mysql> select * from customer;
+--------+--------+----------+---------+
| c_id   | name   | location | salary  |
+--------+--------+----------+---------+
| 101001 | 孙杨   | 广州     | 2468.00 |
| 101002 | 郭海   | 南京     | 7052.00 |
| 101003 | 卢江   | 苏州     | 6892.00 |
| 101004 | 郭惠   | 济南     | 6984.00 |
+--------+--------+----------+---------+
4 rows in set (0.00 sec)
```